sequence,motion_mean,motion_std,motion_max,high_motion_frames,pairs_processed
01_0014,0.6285165031017228,0.45740126671863773,41.073570251464844,36,88
01_0016,0.583348595138107,0.2988049752366148,40.65144729614258,42,112
01_002,0.48633396402001383,0.13129215377250572,33.57072448730469,63,160
