sequence,motion_mean,motion_std,motion_max,high_motion_frames,pairs_processed
01_0014,0.23867366325364195,0.1721367101256667,27.967201232910156,97,264
01_0016,0.2212616648480651,0.10788091227147127,20.42475128173828,158,336
01_002,0.1827164315932757,0.056862395753302236,21.213363647460938,177,481
