sequence,motion_mean,motion_std,motion_max,high_motion_frames,pairs_processed
01_0014,0.8797407431098131,0.5953054590957297,45.59410095214844,22,52
01_0016,0.7277623281550052,0.3377515463054002,50.31779479980469,24,67
01_002,0.8456537444144487,0.20068963555812674,43.69505310058594,44,96
