motion_mean,motion_std,motion_max,high_motion_frames,pairs_processed,class,sequence
0.5833485722541809,0.29880496859550476,1.5648918151855469,42,112,frames,01_0016
0.4863339364528656,0.13129214942455292,0.8954887390136719,63,160,frames,01_002
0.6285164952278137,0.4574012756347656,1.722866177558899,36,88,frames,01_0014
